player,runs_scored,ball_faced,4s,6s,outs,strike_rate,batting_average,wickets,balls_bowled,runs_conceded,economy,bowling_strike_rate
A Chopra,53.0,75.0,7.0,0.0,6.0,70.67,8.83,0.0,0.0,0.0,0.0,0.0
A Flintoff,62.0,57.0,5.0,2.0,2.0,108.77,31.0,2.0,66.0,105.0,0.27,33.0
A Kumble,35.0,49.0,3.0,0.0,3.0,71.43,11.67,49.0,983.0,1027.0,0.17,20.06
A Mishra,102.0,116.0,6.0,2.0,10.0,87.93,10.2,45.0,714.0,771.0,0.18,15.87
A Mithun,5.0,4.0,1.0,0.0,1.0,125.0,5.0,1.0,47.0,76.0,0.27,47.0
A Mukund,0.0,1.0,0.0,0.0,1.0,0.0,0.0,0.0,0.0,0.0,0.0,0.0
A Nehra,27.0,34.0,2.0,1.0,2.0,79.41,13.5,42.0,691.0,757.0,0.18,16.45
A Singh,1.0,3.0,0.0,0.0,1.0,33.33,1.0,9.0,107.0,93.0,0.14,11.89
A Symonds,839.0,638.0,65.0,38.0,23.0,131.5,36.48,22.0,516.0,615.0,0.2,23.45
A Uniyal,4.0,7.0,0.0,0.0,1.0,57.14,4.0,3.0,38.0,64.0,0.28,12.67
AA Bilakhia,69.0,88.0,5.0,0.0,5.0,78.41,13.8,0.0,0.0,0.0,0.0,0.0
AA Jhunjhunwala,183.0,172.0,16.0,4.0,9.0,106.4,20.33,0.0,39.0,67.0,0.29,0.0
AA Noffke,9.0,12.0,1.0,0.0,1.0,75.0,9.0,1.0,25.0,35.0,0.23,25.0
AB Agarkar,160.0,137.0,12.0,5.0,8.0,116.79,20.0,20.0,503.0,664.0,0.22,25.15
AB Barath,42.0,43.0,5.0,1.0,2.0,97.67,21.0,0.0,0.0,0.0,0.0,0.0
AB Dinda,4.0,8.0,0.0,0.0,4.0,50.0,1.0,29.0,539.0,579.0,0.18,18.59
AB McDonald,68.0,58.0,3.0,2.0,1.0,117.24,68.0,8.0,103.0,159.0,0.26,12.88
AB de Villiers,671.0,582.0,51.0,13.0,21.0,115.29,31.95,0.0,0.0,0.0,0.0,0.0
AC Gilchrist,1220.0,865.0,136.0,64.0,45.0,141.04,27.11,0.0,0.0,0.0,0.0,0.0
AC Voges,181.0,143.0,15.0,3.0,4.0,126.57,45.25,1.0,56.0,74.0,0.22,56.0
AD Mascarenhas,60.0,58.0,4.0,1.0,6.0,103.45,10.0,12.0,189.0,224.0,0.2,15.75
AD Mathews,249.0,211.0,20.0,8.0,8.0,118.01,31.12,8.0,245.0,339.0,0.23,30.62
AG Paunikar,0.0,1.0,0.0,0.0,1.0,0.0,0.0,0.0,0.0,0.0,0.0,0.0
AJ Finch,21.0,21.0,0.0,1.0,1.0,100.0,21.0,0.0,7.0,5.0,0.12,0.0
AM Nayar,457.0,348.0,34.0,18.0,19.0,131.32,24.05,5.0,120.0,146.0,0.2,24.0
AM Rahane,148.0,147.0,13.0,3.0,8.0,100.68,18.5,1.0,6.0,5.0,0.14,6.0
AN Ahmed,4.0,8.0,0.0,0.0,0.0,50.0,0.0,0.0,14.0,20.0,0.24,0.0
AN Ghosh,7.0,8.0,1.0,0.0,2.0,87.5,3.5,0.0,0.0,0.0,0.0,0.0
AP Dole,34.0,23.0,3.0,1.0,2.0,147.83,17.0,5.0,73.0,105.0,0.24,14.6
AP Tare,50.0,41.0,5.0,3.0,4.0,121.95,12.5,0.0,0.0,0.0,0.0,0.0
AS Raut,134.0,113.0,8.0,6.0,6.0,118.58,22.33,0.0,24.0,36.0,0.25,0.0
AS Yadav,49.0,40.0,5.0,2.0,5.0,122.5,9.8,0.0,0.0,0.0,0.0,0.0
AT Rayudu,356.0,258.0,34.0,13.0,13.0,137.98,27.38,0.0,0.0,0.0,0.0,0.0
Abdur Razzak,0.0,2.0,0.0,0.0,0.0,0.0,0.0,0.0,14.0,23.0,0.27,0.0
Anirudh Singh,63.0,69.0,6.0,1.0,4.0,91.3,15.75,0.0,0.0,0.0,0.0,0.0
B Akhil,63.0,48.0,5.0,4.0,5.0,131.25,12.6,7.0,180.0,215.0,0.2,25.71
B Chipli,20.0,30.0,3.0,0.0,3.0,66.67,6.67,0.0,0.0,0.0,0.0,0.0
B Lee,56.0,60.0,5.0,2.0,4.0,93.33,14.0,11.0,323.0,344.0,0.18,29.36
B Sumanth,35.0,38.0,3.0,0.0,1.0,92.11,35.0,0.0,0.0,0.0,0.0,0.0
BAW Mendis,1.0,2.0,0.0,0.0,1.0,50.0,1.0,7.0,176.0,217.0,0.21,25.14
BB McCullum,588.0,461.0,54.0,29.0,19.0,127.55,30.95,0.0,0.0,0.0,0.0,0.0
BJ Hodge,476.0,430.0,47.0,10.0,16.0,110.7,29.75,9.0,153.0,194.0,0.21,17.0
Bipul Sharma,9.0,7.0,1.0,0.0,0.0,128.57,0.0,4.0,60.0,94.0,0.26,15.0
C Madan,15.0,21.0,3.0,0.0,1.0,71.43,15.0,0.0,0.0,0.0,0.0,0.0
C Nanda,0.0,1.0,0.0,0.0,1.0,0.0,0.0,2.0,50.0,55.0,0.18,25.0
CA Pujara,122.0,119.0,14.0,3.0,4.0,102.52,30.5,0.0,0.0,0.0,0.0,0.0
CH Gayle,476.0,356.0,48.0,26.0,16.0,133.71,29.75,5.0,221.0,270.0,0.2,44.2
CK Kapugedera,16.0,24.0,0.0,0.0,3.0,66.67,5.33,0.0,17.0,49.0,0.48,0.0
CK Langeveldt,0.0,1.0,0.0,0.0,1.0,0.0,0.0,8.0,95.0,98.0,0.17,11.88
CL White,162.0,138.0,11.0,7.0,9.0,117.39,18.0,0.0,14.0,40.0,0.48,0.0
CRD Fernando,4.0,3.0,0.0,0.0,0.0,133.33,0.0,19.0,249.0,279.0,0.19,13.11
D Kalyankrishna,3.0,8.0,0.0,0.0,1.0,37.5,3.0,2.0,50.0,85.0,0.28,25.0
D Salunkhe,33.0,24.0,5.0,0.0,2.0,137.5,16.5,1.0,51.0,70.0,0.23,51.0
D du Preez,10.0,13.0,0.0,0.0,1.0,76.92,10.0,4.0,43.0,55.0,0.21,10.75
DA Warner,445.0,332.0,43.0,19.0,17.0,134.04,26.18,0.0,0.0,0.0,0.0,0.0
DB Das,103.0,95.0,9.0,5.0,6.0,108.42,17.17,0.0,0.0,0.0,0.0,0.0
DB Ravi Teja,174.0,156.0,17.0,5.0,9.0,111.54,19.33,1.0,12.0,19.0,0.26,12.0
DE Bollinger,18.0,17.0,1.0,1.0,0.0,105.88,0.0,13.0,193.0,199.0,0.17,14.85
DJ Bravo,457.0,401.0,37.0,17.0,21.0,113.97,21.76,30.0,554.0,691.0,0.21,18.47
DJ Hussey,511.0,417.0,31.0,28.0,19.0,122.54,26.89,4.0,164.0,242.0,0.25,41.0
DJ Thornely,39.0,54.0,2.0,2.0,3.0,72.22,13.0,3.0,44.0,38.0,0.14,14.67
DL Vettori,67.0,60.0,7.0,0.0,3.0,111.67,22.33,15.0,261.0,328.0,0.21,17.4
DNT Zoysa,11.0,9.0,1.0,0.0,1.0,122.22,11.0,2.0,69.0,96.0,0.23,34.5
DP Nannes,4.0,13.0,0.0,0.0,1.0,30.77,4.0,31.0,538.0,558.0,0.17,17.35
DP Vijaykumar,1.0,1.0,0.0,0.0,0.0,100.0,0.0,4.0,159.0,192.0,0.2,39.75
DPMD Jayawardene,843.0,622.0,87.0,26.0,24.0,135.53,35.12,0.0,0.0,0.0,0.0,0.0
DR Martyn,19.0,26.0,1.0,0.0,1.0,73.08,19.0,0.0,0.0,0.0,0.0,0.0
DR Smith,282.0,200.0,18.0,17.0,13.0,141.0,21.69,7.0,177.0,234.0,0.22,25.29
DS Kulkarni,11.0,35.0,0.0,0.0,2.0,31.43,5.5,19.0,378.0,449.0,0.2,19.89
DS Lehmann,18.0,19.0,3.0,0.0,2.0,94.74,9.0,0.0,0.0,0.0,0.0,0.0
DT Patil,13.0,13.0,1.0,0.0,2.0,100.0,6.5,0.0,0.0,0.0,0.0,0.0
DW Steyn,15.0,25.0,2.0,0.0,6.0,60.0,2.5,33.0,688.0,662.0,0.16,20.85
EJG Morgan,35.0,31.0,2.0,1.0,3.0,112.9,11.67,0.0,0.0,0.0,0.0,0.0
FH Edwards,4.0,5.0,0.0,0.0,1.0,80.0,4.0,6.0,150.0,144.0,0.16,25.0
FY Fazal,164.0,160.0,19.0,1.0,8.0,102.5,20.5,1.0,12.0,20.0,0.28,12.0
G Gambhir,1097.0,900.0,132.0,12.0,35.0,121.89,31.34,0.0,0.0,0.0,0.0,0.0
GC Smith,697.0,637.0,88.0,9.0,22.0,109.42,31.68,0.0,0.0,0.0,0.0,0.0
GD McGrath,4.0,5.0,1.0,0.0,1.0,80.0,4.0,14.0,329.0,352.0,0.18,23.5
GJ Bailey,63.0,67.0,9.0,0.0,3.0,94.03,21.0,0.0,0.0,0.0,0.0,0.0
GR Napier,15.0,16.0,1.0,0.0,1.0,93.75,15.0,1.0,24.0,27.0,0.19,24.0
H Das,2.0,5.0,0.0,0.0,1.0,40.0,2.0,0.0,0.0,0.0,0.0,0.0
HH Gibbs,805.0,746.0,75.0,29.0,30.0,107.91,26.83,0.0,0.0,0.0,0.0,0.0
Harbhajan Singh,219.0,138.0,19.0,13.0,15.0,158.7,14.6,39.0,664.0,691.0,0.17,17.03
Harmeet Singh,0.0,1.0,0.0,0.0,2.0,0.0,0.0,14.0,293.0,350.0,0.2,20.93
I Sharma,33.0,41.0,2.0,1.0,4.0,80.49,8.25,25.0,696.0,814.0,0.19,27.84
IK Pathan,603.0,472.0,47.0,22.0,24.0,127.75,25.12,57.0,940.0,1123.0,0.2,16.49
Iqbal Abdulla,1.0,3.0,0.0,0.0,0.0,33.33,0.0,3.0,69.0,83.0,0.2,23.0
J Arunkumar,23.0,24.0,5.0,0.0,3.0,95.83,7.67,0.0,0.0,0.0,0.0,0.0
J Botha,47.0,42.0,5.0,0.0,2.0,111.9,23.5,5.0,75.0,67.0,0.15,15.0
J Theron,2.0,6.0,0.0,0.0,2.0,33.33,1.0,9.0,158.0,187.0,0.2,17.56
JA Morkel,537.0,376.0,36.0,31.0,19.0,142.82,28.26,49.0,854.0,1080.0,0.21,17.43
JD Ryder,56.0,49.0,9.0,0.0,5.0,114.29,11.2,5.0,104.0,113.0,0.18,20.8
JDP Oram,106.0,107.0,6.0,5.0,7.0,99.07,15.14,12.0,194.0,277.0,0.24,16.17
JH Kallis,1132.0,1054.0,127.0,21.0,36.0,107.4,31.44,26.0,850.0,1100.0,0.22,32.69
JM Kemp,26.0,25.0,1.0,1.0,2.0,104.0,13.0,3.0,47.0,51.0,0.18,15.67
JP Duminy,529.0,468.0,39.0,16.0,14.0,113.03,37.79,5.0,140.0,123.0,0.15,28.0
JR Hopes,221.0,152.0,27.0,8.0,11.0,145.39,20.09,7.0,171.0,273.0,0.27,24.43
Jaskaran Singh,8.0,11.0,0.0,0.0,1.0,72.73,8.0,6.0,111.0,162.0,0.24,18.5
Joginder Sharma,36.0,29.0,1.0,2.0,3.0,124.14,12.0,13.0,252.0,370.0,0.24,19.38
K Goel,218.0,239.0,17.0,9.0,15.0,91.21,14.53,0.0,67.0,92.0,0.23,0.0
KA Pollard,273.0,152.0,23.0,17.0,12.0,179.61,22.75,17.0,233.0,263.0,0.19,13.71
KAJ Roach,10.0,9.0,1.0,0.0,1.0,111.11,10.0,0.0,52.0,76.0,0.24,0.0
KB Arun Karthik,3.0,5.0,0.0,0.0,0.0,60.0,0.0,0.0,0.0,0.0,0.0,0.0
KC Sangakkara,1009.0,799.0,117.0,18.0,32.0,126.28,31.53,0.0,0.0,0.0,0.0,0.0
KD Karthik,711.0,574.0,59.0,19.0,27.0,123.87,26.33,0.0,0.0,0.0,0.0,0.0
KM Jadhav,76.0,60.0,7.0,2.0,3.0,126.67,25.33,0.0,0.0,0.0,0.0,0.0
KP Appanna,2.0,4.0,0.0,0.0,1.0,50.0,2.0,5.0,115.0,136.0,0.2,23.0
KP Pietersen,329.0,248.0,31.0,10.0,10.0,132.66,32.9,8.0,140.0,156.0,0.19,17.5
KV Sharma,1.0,3.0,0.0,0.0,1.0,33.33,1.0,0.0,0.0,0.0,0.0,0.0
Kamran Akmal,128.0,78.0,13.0,8.0,5.0,164.1,25.6,0.0,0.0,0.0,0.0,0.0
Kamran Khan,3.0,5.0,0.0,0.0,1.0,60.0,3.0,14.0,159.0,181.0,0.19,11.36
L Balaji,22.0,35.0,1.0,1.0,6.0,62.86,3.67,35.0,581.0,781.0,0.22,16.6
L Ronchi,34.0,37.0,6.0,1.0,5.0,91.89,6.8,0.0,0.0,0.0,0.0,0.0
LA Carseldine,81.0,71.0,11.0,0.0,4.0,114.08,20.25,1.0,7.0,5.0,0.12,7.0
LA Pomersbach,193.0,150.0,16.0,10.0,5.0,128.67,38.6,0.0,0.0,0.0,0.0,0.0
LPC Silva,40.0,27.0,5.0,1.0,2.0,148.15,20.0,0.0,6.0,21.0,0.58,0.0
LR Shukla,282.0,240.0,25.0,10.0,15.0,117.5,18.8,14.0,238.0,314.0,0.22,17.0
LRPL Taylor,517.0,373.0,35.0,31.0,17.0,138.61,30.41,0.0,7.0,12.0,0.29,0.0
M Kaif,204.0,207.0,16.0,6.0,14.0,98.55,14.57,0.0,0.0,0.0,0.0,0.0
M Kartik,73.0,70.0,5.0,0.0,5.0,104.29,14.6,20.0,537.0,564.0,0.18,26.85
M Manhas,232.0,216.0,21.0,1.0,7.0,107.41,33.14,0.0,0.0,0.0,0.0,0.0
M Morkel,17.0,25.0,2.0,0.0,2.0,68.0,8.5,1.0,90.0,100.0,0.19,90.0
M Muralitharan,9.0,13.0,1.0,0.0,4.0,69.23,2.25,43.0,979.0,955.0,0.16,22.77
M Ntini,11.0,19.0,2.0,0.0,1.0,57.89,11.0,8.0,213.0,238.0,0.19,26.62
M Rawat,50.0,59.0,4.0,1.0,4.0,84.75,12.5,0.0,0.0,0.0,0.0,0.0
M Vijay,518.0,374.0,40.0,28.0,17.0,138.5,30.47,0.0,0.0,0.0,0.0,0.0
MA Khote,24.0,22.0,2.0,1.0,2.0,109.09,12.0,2.0,30.0,51.0,0.28,15.0
MC Henriques,49.0,45.0,4.0,1.0,3.0,108.89,16.33,3.0,100.0,139.0,0.23,33.33
MD Mishra,166.0,149.0,18.0,6.0,11.0,111.41,15.09,0.0,0.0,0.0,0.0,0.0
MEK Hussey,205.0,144.0,14.0,11.0,4.0,142.36,51.25,0.0,0.0,0.0,0.0,0.0
MF Maharoof,177.0,124.0,12.0,9.0,10.0,142.74,17.7,33.0,441.0,494.0,0.19,13.36
MJ Lumb,278.0,196.0,45.0,6.0,11.0,141.84,25.27,0.0,0.0,0.0,0.0,0.0
MK Pandey,420.0,363.0,44.0,11.0,16.0,115.7,26.25,0.0,0.0,0.0,0.0,0.0
MK Tiwary,350.0,292.0,40.0,5.0,14.0,119.86,25.0,1.0,13.0,21.0,0.27,13.0
ML Hayden,1107.0,839.0,121.0,44.0,31.0,131.94,35.71,0.0,0.0,0.0,0.0,0.0
MM Patel,37.0,32.0,5.0,0.0,4.0,115.62,9.25,39.0,632.0,763.0,0.2,16.21
MN van Wyk,167.0,135.0,19.0,1.0,3.0,123.7,55.67,0.0,0.0,0.0,0.0,0.0
MR Marsh,28.0,31.0,1.0,1.0,2.0,90.32,14.0,2.0,64.0,84.0,0.22,32.0
MS Bisla,218.0,189.0,27.0,6.0,10.0,115.34,21.8,0.0,0.0,0.0,0.0,0.0
MS Dhoni,1033.0,804.0,86.0,32.0,27.0,128.48,38.26,0.0,0.0,0.0,0.0,0.0
MS Gony,50.0,39.0,2.0,5.0,4.0,128.21,12.5,24.0,529.0,688.0,0.22,22.04
MV Boucher,388.0,312.0,32.0,13.0,13.0,124.36,29.85,0.0,0.0,0.0,0.0,0.0
Mandeep Singh,4.0,11.0,1.0,0.0,2.0,36.36,2.0,0.0,0.0,0.0,0.0,0.0
Mashrafe Mortaza,2.0,2.0,0.0,0.0,0.0,100.0,0.0,1.0,28.0,54.0,0.32,28.0
Misbah-ul-Haq,117.0,82.0,10.0,6.0,7.0,142.68,16.71,0.0,0.0,0.0,0.0,0.0
Mohammad Ashraful,2.0,12.0,0.0,0.0,1.0,16.67,2.0,0.0,0.0,0.0,0.0,0.0
Mohammad Asif,3.0,6.0,0.0,0.0,2.0,50.0,1.5,9.0,199.0,289.0,0.24,22.11
Mohammad Hafeez,64.0,84.0,7.0,2.0,7.0,76.19,9.14,2.0,63.0,61.0,0.16,31.5
NV Ojha,545.0,439.0,53.0,26.0,19.0,124.15,28.68,0.0,0.0,0.0,0.0,0.0
Niraj Patel,121.0,124.0,14.0,1.0,4.0,97.58,30.25,0.0,0.0,0.0,0.0,0.0
OA Shah,115.0,96.0,7.0,5.0,2.0,119.79,57.5,0.0,0.0,0.0,0.0,0.0
P Dogra,107.0,108.0,4.0,5.0,8.0,99.07,13.38,0.0,0.0,0.0,0.0,0.0
P Kumar,181.0,154.0,11.0,12.0,17.0,117.53,10.65,40.0,875.0,1090.0,0.21,21.88
PA Patel,516.0,529.0,67.0,7.0,24.0,97.54,21.5,0.0,0.0,0.0,0.0,0.0
PC Valthaty,6.0,12.0,1.0,0.0,2.0,50.0,3.0,0.0,0.0,0.0,0.0,0.0
PD Collingwood,203.0,159.0,9.0,13.0,5.0,127.67,40.6,5.0,90.0,100.0,0.19,18.0
PJ Sangwan,18.0,30.0,0.0,0.0,4.0,60.0,4.5,34.0,650.0,787.0,0.2,19.12
PM Sarvesh Kumar,1.0,2.0,0.0,0.0,0.0,50.0,0.0,1.0,31.0,41.0,0.22,31.0
PP Chawla,183.0,163.0,20.0,3.0,14.0,112.27,13.07,44.0,855.0,1039.0,0.2,19.43
PP Ojha,6.0,19.0,0.0,0.0,8.0,31.58,0.75,54.0,923.0,1024.0,0.18,17.09
PR Shah,87.0,92.0,8.0,2.0,7.0,94.57,12.43,0.0,0.0,0.0,0.0,0.0
Pankaj Singh,7.0,12.0,0.0,0.0,2.0,58.33,3.5,4.0,172.0,261.0,0.25,43.0
R Ashwin,38.0,55.0,3.0,0.0,5.0,69.09,7.6,16.0,321.0,297.0,0.15,20.06
R Bhatia,66.0,63.0,4.0,4.0,10.0,104.76,6.6,23.0,365.0,452.0,0.21,15.87
R Bishnoi,19.0,17.0,1.0,2.0,3.0,111.76,6.33,0.0,0.0,0.0,0.0,0.0
R Dravid,898.0,741.0,97.0,17.0,34.0,121.19,26.41,0.0,0.0,0.0,0.0,0.0
R McLaren,66.0,71.0,7.0,0.0,3.0,92.96,22.0,5.0,215.0,259.0,0.2,43.0
R Sathish,112.0,98.0,11.0,0.0,7.0,114.29,16.0,3.0,51.0,78.0,0.25,17.0
R Sharma,29.0,26.0,3.0,1.0,3.0,111.54,9.67,6.0,126.0,165.0,0.22,21.0
R Vinay Kumar,99.0,107.0,7.0,2.0,12.0,92.52,8.25,35.0,624.0,834.0,0.22,17.83
RA Jadeja,430.0,384.0,32.0,12.0,18.0,111.98,23.89,7.0,157.0,167.0,0.18,22.43
RE van der Merwe,123.0,103.0,8.0,8.0,9.0,119.42,13.67,11.0,236.0,267.0,0.19,21.45
RG Sharma,1170.0,909.0,96.0,51.0,38.0,128.71,30.79,15.0,284.0,330.0,0.19,18.93
RJ Harris,66.0,57.0,2.0,2.0,5.0,115.79,13.2,21.0,387.0,440.0,0.19,18.43
RJ Quiney,103.0,105.0,12.0,3.0,7.0,98.1,14.71,0.0,0.0,0.0,0.0,0.0
RP Singh,44.0,62.0,2.0,1.0,10.0,70.97,4.4,57.0,973.0,1172.0,0.2,17.07
RR Powar,56.0,51.0,6.0,1.0,2.0,109.8,28.0,13.0,353.0,357.0,0.17,27.15
RR Raje,20.0,18.0,1.0,1.0,1.0,111.11,20.0,7.0,144.0,200.0,0.23,20.57
RR Sarwan,73.0,78.0,6.0,1.0,4.0,93.59,18.25,0.0,0.0,0.0,0.0,0.0
RS Bopara,386.0,347.0,33.0,10.0,13.0,111.24,29.69,5.0,90.0,123.0,0.23,18.0
RS Gavaskar,2.0,8.0,0.0,0.0,1.0,25.0,2.0,0.0,6.0,8.0,0.22,0.0
RS Sodhi,4.0,2.0,1.0,0.0,0.0,200.0,0.0,0.0,0.0,0.0,0.0,0.0
RT Ponting,39.0,53.0,2.0,1.0,4.0,73.58,9.75,0.0,0.0,0.0,0.0,0.0
RV Uthappa,869.0,692.0,73.0,39.0,32.0,125.58,27.16,0.0,0.0,0.0,0.0,0.0
S Anirudha,31.0,27.0,2.0,2.0,2.0,114.81,15.5,0.0,0.0,0.0,0.0,0.0
S Badrinath,725.0,614.0,82.0,17.0,26.0,118.08,27.88,0.0,0.0,0.0,0.0,0.0
S Chanderpaul,25.0,33.0,4.0,0.0,3.0,75.76,8.33,0.0,0.0,0.0,0.0,0.0
S Dhawan,571.0,534.0,61.0,11.0,23.0,106.93,24.83,0.0,0.0,0.0,0.0,0.0
S Ladda,0.0,10.0,0.0,0.0,1.0,0.0,0.0,4.0,92.0,141.0,0.26,23.0
S Narwal,14.0,13.0,2.0,0.0,2.0,107.69,7.0,6.0,99.0,180.0,0.3,16.5
S Sohal,119.0,110.0,9.0,8.0,10.0,108.18,11.9,0.0,0.0,0.0,0.0,0.0
S Sreesanth,32.0,44.0,6.0,0.0,1.0,72.73,32.0,30.0,605.0,766.0,0.21,20.17
S Sriram,27.0,31.0,3.0,0.0,1.0,87.1,27.0,0.0,12.0,24.0,0.33,0.0
S Tyagi,3.0,4.0,0.0,0.0,1.0,75.0,3.0,6.0,220.0,284.0,0.22,36.67
S Vidyut,145.0,115.0,21.0,3.0,8.0,126.09,18.12,1.0,13.0,21.0,0.27,13.0
SA Asnodkar,414.0,343.0,55.0,10.0,19.0,120.7,21.79,0.0,0.0,0.0,0.0,0.0
SB Bangar,49.0,58.0,1.0,3.0,7.0,84.48,7.0,6.0,153.0,212.0,0.23,25.5
SB Jakati,20.0,16.0,3.0,0.0,1.0,125.0,20.0,28.0,407.0,499.0,0.2,14.54
SB Joshi,6.0,16.0,0.0,0.0,2.0,37.5,3.0,1.0,55.0,82.0,0.25,55.0
SB Styris,126.0,132.0,9.0,3.0,7.0,95.45,18.0,9.0,216.0,257.0,0.2,24.0
SC Ganguly,1031.0,977.0,104.0,36.0,36.0,105.53,28.64,9.0,219.0,265.0,0.2,24.33
SD Chitnis,24.0,19.0,2.0,1.0,3.0,126.32,8.0,2.0,38.0,54.0,0.24,19.0
SE Bond,1.0,2.0,0.0,0.0,1.0,50.0,1.0,9.0,191.0,218.0,0.19,21.22
SE Marsh,763.0,569.0,73.0,32.0,12.0,134.09,63.58,0.0,0.0,0.0,0.0,0.0
SJ Srivastava,1.0,2.0,0.0,0.0,1.0,50.0,1.0,6.0,178.0,239.0,0.22,29.67
SK Raina,1383.0,1009.0,117.0,62.0,37.0,137.07,37.38,17.0,334.0,367.0,0.18,19.65
SK Trivedi,34.0,46.0,3.0,1.0,5.0,73.91,6.8,34.0,641.0,790.0,0.21,18.85
SK Warne,188.0,199.0,13.0,6.0,18.0,94.47,10.44,46.0,937.0,1118.0,0.2,20.37
SL Malinga,1.0,2.0,0.0,0.0,2.0,50.0,0.5,38.0,636.0,601.0,0.16,16.74
SM Harwood,9.0,14.0,0.0,0.0,0.0,64.29,0.0,3.0,67.0,61.0,0.15,22.33
SM Katich,241.0,191.0,26.0,8.0,10.0,126.18,24.1,0.0,0.0,0.0,0.0,0.0
SM Pollock,147.0,116.0,12.0,8.0,8.0,126.72,18.38,13.0,280.0,297.0,0.18,21.54
SP Fleming,196.0,171.0,27.0,3.0,9.0,114.62,21.78,0.0,0.0,0.0,0.0,0.0
SP Goswami,143.0,160.0,17.0,1.0,6.0,89.38,23.83,0.0,0.0,0.0,0.0,0.0
SR Tendulkar,1169.0,992.0,151.0,15.0,30.0,117.84,38.97,0.0,37.0,57.0,0.26,0.0
SR Watson,657.0,439.0,65.0,28.0,15.0,149.66,43.8,27.0,483.0,541.0,0.19,17.89
SS Shaikh,6.0,7.0,1.0,0.0,1.0,85.71,6.0,0.0,0.0,0.0,0.0,0.0
SS Tiwary,458.0,351.0,32.0,19.0,17.0,130.48,26.94,0.0,0.0,0.0,0.0,0.0
ST Jayasuriya,768.0,573.0,84.0,39.0,28.0,134.03,27.43,16.0,301.0,375.0,0.21,18.81
STR Binny,8.0,5.0,1.0,0.0,1.0,160.0,8.0,0.0,6.0,9.0,0.25,0.0
SW Tait,12.0,13.0,0.0,1.0,1.0,92.31,12.0,12.0,205.0,236.0,0.19,17.08
Salman Butt,193.0,172.0,30.0,2.0,7.0,112.21,27.57,0.0,0.0,0.0,0.0,0.0
Shahid Afridi,81.0,46.0,7.0,6.0,8.0,176.09,10.12,9.0,185.0,220.0,0.2,20.56
Shoaib Ahmed,1.0,6.0,0.0,0.0,2.0,16.67,0.5,5.0,103.0,151.0,0.24,20.6
Shoaib Akhtar,2.0,8.0,0.0,0.0,1.0,25.0,2.0,5.0,46.0,50.0,0.18,9.2
Shoaib Malik,52.0,49.0,5.0,0.0,4.0,106.12,13.0,2.0,58.0,77.0,0.22,29.0
Sohail Tanvir,36.0,31.0,3.0,1.0,3.0,116.13,12.0,24.0,265.0,246.0,0.15,11.04
T Henderson,11.0,16.0,0.0,1.0,2.0,68.75,5.5,1.0,36.0,40.0,0.19,36.0
T Kohli,11.0,20.0,0.0,1.0,3.0,55.0,3.67,0.0,0.0,0.0,0.0,0.0
T Taibu,31.0,26.0,3.0,0.0,3.0,119.23,10.33,0.0,0.0,0.0,0.0,0.0
T Thushara,12.0,19.0,0.0,0.0,2.0,63.16,6.0,10.0,144.0,152.0,0.18,14.4
TL Suman,544.0,457.0,41.0,20.0,19.0,119.04,28.63,6.0,104.0,130.0,0.21,17.33
TM Dilshan,566.0,491.0,62.0,16.0,22.0,115.27,25.73,4.0,151.0,171.0,0.19,37.75
TM Srivastava,8.0,11.0,0.0,0.0,1.0,72.73,8.0,0.0,0.0,0.0,0.0,0.0
U Kaul,0.0,1.0,0.0,0.0,0.0,0.0,0.0,0.0,0.0,0.0,0.0,0.0
UT Yadav,3.0,4.0,0.0,0.0,0.0,75.0,0.0,8.0,152.0,174.0,0.19,19.0
Umar Gul,39.0,19.0,1.0,5.0,3.0,205.26,13.0,14.0,153.0,166.0,0.18,10.93
V Kohli,718.0,609.0,66.0,24.0,33.0,117.9,21.76,2.0,121.0,149.0,0.21,60.5
V Sehwag,960.0,602.0,117.0,42.0,36.0,159.47,26.67,6.0,108.0,179.0,0.28,18.0
VRV Singh,4.0,3.0,1.0,0.0,2.0,133.33,2.0,16.0,371.0,531.0,0.24,23.19
VS Malik,6.0,5.0,1.0,0.0,1.0,120.0,6.0,3.0,120.0,155.0,0.22,40.0
VS Yeligati,2.0,2.0,0.0,0.0,1.0,100.0,2.0,0.0,32.0,53.0,0.28,0.0
VVS Laxman,238.0,229.0,30.0,3.0,16.0,103.93,14.88,0.0,0.0,0.0,0.0,0.0
VY Mahesh,15.0,28.0,0.0,0.0,2.0,53.57,7.5,19.0,298.0,402.0,0.22,15.68
W Jaffer,130.0,129.0,14.0,3.0,8.0,100.78,16.25,0.0,0.0,0.0,0.0,0.0
WA Mota,56.0,76.0,2.0,0.0,6.0,73.68,9.33,4.0,75.0,94.0,0.21,18.75
WP Saha,298.0,213.0,24.0,12.0,11.0,139.91,27.09,0.0,0.0,0.0,0.0,0.0
WPUJC Vaas,81.0,73.0,2.0,3.0,8.0,110.96,10.12,22.0,288.0,345.0,0.2,13.09
Y Nagar,21.0,29.0,1.0,0.0,2.0,72.41,10.5,3.0,31.0,47.0,0.25,10.33
Y Venugopal Rao,446.0,379.0,31.0,19.0,23.0,117.68,19.39,7.0,186.0,261.0,0.23,26.57
YA Abdulla,0.0,1.0,0.0,0.0,0.0,0.0,0.0,15.0,222.0,294.0,0.22,14.8
YK Pathan,1029.0,655.0,90.0,63.0,38.0,157.1,27.08,23.0,605.0,697.0,0.19,26.3
YV Takawale,88.0,91.0,9.0,2.0,3.0,96.7,29.33,0.0,0.0,0.0,0.0,0.0
Yashpal Singh,47.0,67.0,5.0,0.0,4.0,70.15,11.75,0.0,0.0,0.0,0.0,0.0
Younis Khan,3.0,7.0,0.0,0.0,1.0,42.86,3.0,0.0,0.0,0.0,0.0,0.0
Yuvraj Singh,898.0,714.0,70.0,49.0,37.0,125.77,24.27,15.0,316.0,373.0,0.2,21.07
Z Khan,66.0,67.0,7.0,1.0,6.0,98.51,11.0,40.0,685.0,853.0,0.21,17.12
A Nel,0.0,0.0,0.0,0.0,1.0,0.0,0.0,1.0,18.0,31.0,0.29,18.0
AG Murtaza,0.0,0.0,0.0,0.0,0.0,0.0,0.0,4.0,73.0,86.0,0.2,18.25
AM Salvi,0.0,0.0,0.0,0.0,0.0,0.0,0.0,4.0,106.0,126.0,0.2,26.5
Anureet Singh,0.0,0.0,0.0,0.0,0.0,0.0,0.0,2.0,34.0,43.0,0.21,17.0
B Geeves,0.0,0.0,0.0,0.0,0.0,0.0,0.0,2.0,49.0,90.0,0.31,24.5
C Ganapathy,0.0,0.0,0.0,0.0,0.0,0.0,0.0,0.0,6.0,13.0,0.36,0.0
Gagandeep Singh,0.0,0.0,0.0,0.0,0.0,0.0,0.0,3.0,84.0,141.0,0.28,28.0
JD Unadkat,0.0,0.0,0.0,0.0,0.0,0.0,0.0,4.0,62.0,85.0,0.23,15.5
L Ablish,0.0,0.0,0.0,0.0,0.0,0.0,0.0,5.0,27.0,33.0,0.2,5.4
MB Parmar,0.0,0.0,0.0,0.0,0.0,0.0,0.0,0.0,19.0,32.0,0.28,0.0
ND Doshi,0.0,0.0,0.0,0.0,0.0,0.0,0.0,1.0,25.0,16.0,0.11,25.0
NLTC Perera,0.0,0.0,0.0,0.0,0.0,0.0,0.0,0.0,6.0,19.0,0.53,0.0
P Amarnath,0.0,0.0,0.0,0.0,0.0,0.0,0.0,7.0,132.0,236.0,0.3,18.86
RA Shaikh,0.0,0.0,0.0,0.0,0.0,0.0,0.0,0.0,6.0,11.0,0.31,0.0
RR Bose,0.0,0.0,0.0,0.0,0.0,0.0,0.0,0.0,12.0,24.0,0.33,0.0
SB Wagh,0.0,0.0,0.0,0.0,0.0,0.0,0.0,1.0,6.0,16.0,0.44,6.0
SS Sarkar,0.0,0.0,0.0,0.0,0.0,0.0,0.0,1.0,25.0,34.0,0.23,25.0
